{"components": ["1_bg.svg", "2_New_Layer_1653429002.6625352.svg", "3_New_Layer_1653429002.6678674.svg", "4_New_Layer_1653429002.6682768.svg", "5_New_Layer_1653429002.668657.svg", "6_New_Layer_1653429002.669089.svg", "7_New_Layer_1653429002.6695228.svg", "8_New_Layer_1653429002.6699646.svg", "9_New_Layer_1653429002.6703658.svg", "10_New_Layer_1653429002.6707895.svg", "11_New_Layer_1653429002.671196.svg", "12_New_Layer_1653429002.6715763.svg", "13_New_Layer_1653429002.6721046.svg", "14_New_Layer_1653429002.6724863.svg", "15_New_Layer_1653429002.6728761.svg", "16_New_Layer_1653429002.673255.svg", "17_New_Layer_1653429002.6736438.svg", "18_New_Layer_1653429002.6740232.svg", "19_New_Layer_1653429002.674423.svg", "20_New_Layer_1653429002.67485.svg", "21_New_Layer_1653429002.6752553.svg", "22_New_Layer_1653429002.6756613.svg", "23_New_Layer_1653429002.676055.svg", "24_New_Layer_1653429002.676449.svg", "25_New_Layer_1653429002.676866.svg", "26_New_Layer_1653429002.6772664.svg", "27_New_Layer_1653429002.6776764.svg"], "components_data": {"1_bg.svg": {"type": "locked", "top": 2.0, "bottom": 2821.0, "left": 1.0, "right": 1440.0, "translate_x": 0.0, "translate_y": 0.0}, "2_New_Layer_1653429002.6625352.svg": {"type": "component", "top": 586.5, "bottom": 713.5, "left": 120.5, "right": 375.5, "translate_x": 0.0, "translate_y": 0.0}, "3_New_Layer_1653429002.6678674.svg": {"type": "component", "top": 361.0, "bottom": 489.0, "left": 432.0, "right": 688.0, "translate_x": 0.0, "translate_y": 0.0}, "4_New_Layer_1653429002.6682768.svg": {"type": "component", "top": 361.5, "bottom": 488.5, "left": 120.5, "right": 375.5, "translate_x": 0.0, "translate_y": 0.0}, "5_New_Layer_1653429002.668657.svg": {"type": "component", "top": 1982.0, "bottom": 2362.0, "left": 520.0, "right": 864.0, "translate_x": 0.0, "translate_y": 0.0}, "6_New_Layer_1653429002.669089.svg": {"type": "component", "top": 1982.0, "bottom": 2360.0, "left": 120.0, "right": 464.0, "translate_x": 0.0, "translate_y": 0.0}, "7_New_Layer_1653429002.6695228.svg": {"type": "component", "top": 1977.0, "bottom": 2151.0, "left": 919.0, "right": 1265.0, "translate_x": 0.0, "translate_y": 0.0}, "8_New_Layer_1653429002.6699646.svg": {"type": "component", "top": 2244.0, "bottom": 2364.0, "left": 920.0, "right": 1264.0, "translate_x": 0.0, "translate_y": 0.0}, "9_New_Layer_1653429002.6703658.svg": {"type": "component", "top": 2449.0, "bottom": 2693.0, "left": 120.0, "right": 288.0, "translate_x": 0.0, "translate_y": 0.0}, "10_New_Layer_1653429002.6707895.svg": {"type": "component", "top": 2449.0, "bottom": 2667.0, "left": 520.0, "right": 688.0, "translate_x": 0.0, "translate_y": 0.0}, "11_New_Layer_1653429002.671196.svg": {"type": "component", "top": 586.0, "bottom": 714.0, "left": 432.0, "right": 688.0, "translate_x": 0.0, "translate_y": 0.0}, "12_New_Layer_1653429002.6715763.svg": {"type": "component", "top": 361.0, "bottom": 489.0, "left": 744.0, "right": 1000.0, "translate_x": 0.0, "translate_y": 0.0}, "13_New_Layer_1653429002.6721046.svg": {"type": "component", "top": 586.0, "bottom": 714.0, "left": 744.0, "right": 1000.0, "translate_x": 0.0, "translate_y": 0.0}, "14_New_Layer_1653429002.6724863.svg": {"type": "component", "top": 361.0, "bottom": 489.0, "left": 1056.0, "right": 1312.0, "translate_x": 0.0, "translate_y": 0.0}, "15_New_Layer_1653429002.6728761.svg": {"type": "component", "top": 586.0, "bottom": 714.0, "left": 1056.0, "right": 1312.0, "translate_x": 0.0, "translate_y": 0.0}, "16_New_Layer_1653429002.673255.svg": {"type": "component", "top": 889.0, "bottom": 1017.0, "left": 120.0, "right": 376.0, "translate_x": 0.0, "translate_y": 0.0}, "17_New_Layer_1653429002.6736438.svg": {"type": "component", "top": 889.0, "bottom": 1017.0, "left": 408.0, "right": 664.0, "translate_x": 0.0, "translate_y": 0.0}, "18_New_Layer_1653429002.6740232.svg": {"type": "component", "top": 1437.0, "bottom": 1477.0, "left": 432.0, "right": 496.0, "translate_x": 0.0, "translate_y": 0.0}, "19_New_Layer_1653429002.674423.svg": {"type": "component", "top": 1660.0, "bottom": 1700.0, "left": 120.0, "right": 373.0, "translate_x": 0.0, "translate_y": 0.0}, "20_New_Layer_1653429002.67485.svg": {"type": "component", "top": 1437.0, "bottom": 1477.0, "left": 744.0, "right": 1000.0, "translate_x": 0.0, "translate_y": 0.0}, "21_New_Layer_1653429002.6752553.svg": {"type": "component", "top": 1443.28, "bottom": 1468.55, "left": 1056.0, "right": 1309.0, "translate_x": 0.0, "translate_y": 0.0}, "22_New_Layer_1653429002.6756613.svg": {"type": "component", "top": 1443.42, "bottom": 1471.84, "left": 120.0, "right": 120.0, "translate_x": 0.0, "translate_y": 0.0}, "23_New_Layer_1653429002.676055.svg": {"type": "component", "top": 1370.0, "bottom": 1397.99, "left": 1056.0, "right": 1309.0, "translate_x": 0.0, "translate_y": 0.0}, "24_New_Layer_1653429002.676449.svg": {"type": "component", "top": 1360.0, "bottom": 1400.0, "left": 432.0, "right": 496.0, "translate_x": 0.0, "translate_y": 0.0}, "25_New_Layer_1653429002.676866.svg": {"type": "component", "top": 1583.0, "bottom": 1623.0, "left": 120.0, "right": 373.0, "translate_x": 0.0, "translate_y": 0.0}, "26_New_Layer_1653429002.6772664.svg": {"type": "component", "top": 1360.0, "bottom": 1400.0, "left": 744.0, "right": 1000.0, "translate_x": 0.0, "translate_y": 0.0}, "27_New_Layer_1653429002.6776764.svg": {"type": "component", "top": 1375.84, "bottom": 1397.99, "left": 120.0, "right": 120.0, "translate_x": 0.0, "translate_y": 0.0}}}