{"components": ["1_bg.svg", "2_New_Layer_1653430155.3539445.svg", "3_New_Layer_1653430155.3602242.svg", "4_New_Layer_1653430155.3606188.svg", "5_New_Layer_1653430155.3610084.svg", "6_New_Layer_1653430155.3613827.svg", "7_New_Layer_1653430155.3617942.svg", "8_New_Layer_1653430155.362219.svg", "9_New_Layer_1653430155.3626313.svg", "10_New_Layer_1653430155.3630445.svg", "11_New_Layer_1653430155.3634343.svg", "12_New_Layer_1653430155.3638594.svg", "13_New_Layer_1653430155.3643696.svg", "14_New_Layer_1653430155.3648937.svg", "15_New_Layer_1653430155.3652766.svg", "16_New_Layer_1653430155.3656673.svg", "17_New_Layer_1653430155.3660514.svg", "18_New_Layer_1653430155.366444.svg", "19_New_Layer_1653430155.3668456.svg", "20_New_Layer_1653430155.3672342.svg", "21_New_Layer_1653430155.3676262.svg", "22_New_Layer_1653430155.368022.svg", "23_New_Layer_1653430155.3685436.svg", "24_New_Layer_1653430155.3690448.svg", "25_New_Layer_1653430155.369526.svg", "26_New_Layer_1653430155.369919.svg", "27_New_Layer_1653430155.3703022.svg", "28_New_Layer_1653430155.3707016.svg", "29_New_Layer_1653430155.371095.svg", "30_New_Layer_1653430155.3714905.svg", "31_New_Layer_1653430155.3718827.svg", "32_New_Layer_1653430155.3722749.svg", "33_New_Layer_1653430155.3726723.svg", "34_New_Layer_1653430155.3730552.svg", "35_New_Layer_1653430155.3734374.svg", "36_New_Layer_1653430155.373827.svg", "37_New_Layer_1653430155.3742168.svg", "38_New_Layer_1653430155.3746045.svg", "39_New_Layer_1653430155.374996.svg", "40_New_Layer_1653430155.3753846.svg", "41_New_Layer_1653430155.37578.svg", "42_New_Layer_1653430155.376152.svg"], "components_data": {"1_bg.svg": {"type": "locked", "top": 2.0, "bottom": 4832.0, "left": 1.0, "right": 1440.0, "translate_x": 0.0, "translate_y": 0.0}, "2_New_Layer_1653430155.3539445.svg": {"type": "component", "top": 1300.99, "bottom": 1353.0, "left": 136.0, "right": 192.0, "translate_x": 0.0, "translate_y": 0.0}, "3_New_Layer_1653430155.3602242.svg": {"type": "component", "top": 1135.0, "bottom": 1175.0, "left": 440.0, "right": 680.0, "translate_x": 0.0, "translate_y": 0.0}, "4_New_Layer_1653430155.3606188.svg": {"type": "component", "top": 1146.0, "bottom": 1164.0, "left": 141.0, "right": 192.0, "translate_x": 0.0, "translate_y": 0.0}, "5_New_Layer_1653430155.3610084.svg": {"type": "component", "top": 361.0, "bottom": 617.0, "left": 120.0, "right": 376.0, "translate_x": 0.0, "translate_y": 0.0}, "6_New_Layer_1653430155.3613827.svg": {"type": "component", "top": 1300.99, "bottom": 1364.0, "left": 440.0, "right": 680.0, "translate_x": 0.0, "translate_y": 0.0}, "7_New_Layer_1653430155.3617942.svg": {"type": "component", "top": 1300.99, "bottom": 1364.0, "left": 752.0, "right": 992.0, "translate_x": 0.0, "translate_y": 0.0}, "8_New_Layer_1653430155.362219.svg": {"type": "component", "top": 1135.0, "bottom": 1175.0, "left": 752.0, "right": 992.0, "translate_x": 0.0, "translate_y": 0.0}, "9_New_Layer_1653430155.3626313.svg": {"type": "component", "top": 792.0, "bottom": 936.0, "left": 432.0, "right": 688.0, "translate_x": 0.0, "translate_y": 0.0}, "10_New_Layer_1653430155.3630445.svg": {"type": "component", "top": 792.0, "bottom": 858.0, "left": 744.0, "right": 1000.0, "translate_x": 0.0, "translate_y": 0.0}, "11_New_Layer_1653430155.3634343.svg": {"type": "component", "top": 792.0, "bottom": 964.0, "left": 120.0, "right": 376.0, "translate_x": 0.0, "translate_y": 0.0}, "12_New_Layer_1653430155.3638594.svg": {"type": "component", "top": 1639.0, "bottom": 2239.0, "left": 120.0, "right": 376.0, "translate_x": 0.0, "translate_y": 0.0}, "13_New_Layer_1653430155.3643696.svg": {"type": "component", "top": 1639.0, "bottom": 2239.0, "left": 432.0, "right": 688.0, "translate_x": 0.0, "translate_y": 0.0}, "14_New_Layer_1653430155.3648937.svg": {"type": "component", "top": 2576.0, "bottom": 2640.0, "left": 120.0, "right": 376.0, "translate_x": 0.0, "translate_y": 0.0}, "15_New_Layer_1653430155.3652766.svg": {"type": "component", "top": 2576.0, "bottom": 2640.0, "left": 432.0, "right": 688.0, "translate_x": 0.0, "translate_y": 0.0}, "16_New_Layer_1653430155.3656673.svg": {"type": "component", "top": 2576.0, "bottom": 2641.0, "left": 744.0, "right": 1000.0, "translate_x": 0.0, "translate_y": 0.0}, "17_New_Layer_1653430155.3660514.svg": {"type": "component", "top": 2815.0, "bottom": 2879.0, "left": 120.0, "right": 216.0, "translate_x": 0.0, "translate_y": 0.0}, "18_New_Layer_1653430155.366444.svg": {"type": "component", "top": 2815.0, "bottom": 2879.0, "left": 432.0, "right": 528.0, "translate_x": 0.0, "translate_y": 0.0}, "19_New_Layer_1653430155.3668456.svg": {"type": "component", "top": 3583.0, "bottom": 3647.0, "left": 120.0, "right": 216.0, "translate_x": 0.0, "translate_y": 0.0}, "20_New_Layer_1653430155.3672342.svg": {"type": "component", "top": 3583.0, "bottom": 3647.0, "left": 432.0, "right": 528.0, "translate_x": 0.0, "translate_y": 0.0}, "21_New_Layer_1653430155.3676262.svg": {"type": "component", "top": 3959.0, "bottom": 3999.0, "left": 144.0, "right": 224.0, "translate_x": 0.0, "translate_y": 0.0}, "22_New_Layer_1653430155.368022.svg": {"type": "component", "top": 4286.0, "bottom": 4350.0, "left": 120.0, "right": 1320.0, "translate_x": 0.0, "translate_y": 0.0}, "23_New_Layer_1653430155.3685436.svg": {"type": "component", "top": 4463.0, "bottom": 4527.0, "left": 120.0, "right": 1320.0, "translate_x": 0.0, "translate_y": 0.0}, "24_New_Layer_1653430155.3690448.svg": {"type": "component", "top": 4640.0, "bottom": 4705.0, "left": 120.0, "right": 1320.0, "translate_x": 0.0, "translate_y": 0.0}, "25_New_Layer_1653430155.369526.svg": {"type": "component", "top": 3199.0, "bottom": 3263.0, "left": 120.0, "right": 216.0, "translate_x": 0.0, "translate_y": 0.0}, "26_New_Layer_1653430155.369919.svg": {"type": "component", "top": 3199.0, "bottom": 3263.0, "left": 432.0, "right": 528.0, "translate_x": 0.0, "translate_y": 0.0}, "27_New_Layer_1653430155.3703022.svg": {"type": "component", "top": 2971.0, "bottom": 3011.13, "left": 155.16, "right": 178.0, "translate_x": 0.0, "translate_y": 0.0}, "28_New_Layer_1653430155.3707016.svg": {"type": "component", "top": 2960.0, "bottom": 3024.0, "left": 432.0, "right": 528.0, "translate_x": 0.0, "translate_y": 0.0}, "29_New_Layer_1653430155.371095.svg": {"type": "component", "top": 2960.0, "bottom": 3024.0, "left": 744.0, "right": 840.0, "translate_x": 0.0, "translate_y": 0.0}, "30_New_Layer_1653430155.3714905.svg": {"type": "component", "top": 3749.99, "bottom": 3763.99, "left": 153.45, "right": 153.45, "translate_x": 0.0, "translate_y": 0.0}, "31_New_Layer_1653430155.3718827.svg": {"type": "component", "top": 3728.0, "bottom": 3792.0, "left": 432.0, "right": 528.0, "translate_x": 0.0, "translate_y": 0.0}, "32_New_Layer_1653430155.3722749.svg": {"type": "component", "top": 3728.0, "bottom": 3792.0, "left": 744.0, "right": 840.0, "translate_x": 0.0, "translate_y": 0.0}, "33_New_Layer_1653430155.3726723.svg": {"type": "component", "top": 3366.0, "bottom": 3386.0, "left": 158.0, "right": 178.0, "translate_x": 0.0, "translate_y": 0.0}, "34_New_Layer_1653430155.3730552.svg": {"type": "component", "top": 3344.0, "bottom": 3408.0, "left": 432.0, "right": 528.0, "translate_x": 0.0, "translate_y": 0.0}, "35_New_Layer_1653430155.3734374.svg": {"type": "component", "top": 3344.0, "bottom": 3408.0, "left": 744.0, "right": 840.0, "translate_x": 0.0, "translate_y": 0.0}, "36_New_Layer_1653430155.373827.svg": {"type": "component", "top": 2815.0, "bottom": 2879.0, "left": 744.0, "right": 840.0, "translate_x": 0.0, "translate_y": 0.0}, "37_New_Layer_1653430155.3742168.svg": {"type": "component", "top": 3583.0, "bottom": 3647.0, "left": 744.0, "right": 840.0, "translate_x": 0.0, "translate_y": 0.0}, "38_New_Layer_1653430155.3746045.svg": {"type": "component", "top": 3199.0, "bottom": 3263.0, "left": 744.0, "right": 840.0, "translate_x": 0.0, "translate_y": 0.0}, "39_New_Layer_1653430155.374996.svg": {"type": "component", "top": 361.0, "bottom": 617.0, "left": 432.0,